name,aliases,serving_unit,serving_grams,calories,protein_g,carbs_g,fat_g,source,source_id
Banana,bananas,100 g,100,89,1.09,22.8,0.33,USDA FoodData Central (SR Legacy),173944
Apricot,apricots,100 g,100,48,1.4,11.1,0.39,USDA FoodData Central (SR Legacy),171697
Blueberries,blueberry,100 g,100,57,0.74,14.5,0.33,USDA FoodData Central (SR Legacy),171711
Blackberries,blackberry,100 g,100,43,1.39,9.61,0.49,USDA FoodData Central (SR Legacy),173946
Apple,apples,100 g,100,57,0.28,13.6,0.15,USDA FoodData Central (SR Legacy),168202
Orange,oranges,100 g,100,46,0.7,11.5,0.21,USDA FoodData Central (SR Legacy),169918
Strawberries,strawberry,100 g,100,32,0.67,7.68,0.3,USDA FoodData Central (SR Legacy),167762
Grapes,grape,100 g,100,57,0.81,13.9,0.47,USDA FoodData Central (SR Legacy),173040
Watermelon,,100 g,100,30,0.61,7.55,0.15,USDA FoodData Central (SR Legacy),167765
Mango,mangoes;mangos,100 g,100,60,0.82,15,0.38,USDA FoodData Central (SR Legacy),169910
Avocado,avocados,100 g,100,120,2.23,7.82,10.1,USDA FoodData Central (SR Legacy),171707
Broccoli,,100 g,100,34,2.82,6.64,0.37,USDA FoodData Central (SR Legacy),170379
Spinach,,100 g,100,23,2.86,3.63,0.39,USDA FoodData Central (SR Legacy),168462
Carrot,carrots,100 g,100,41,0.93,9.58,0.24,USDA FoodData Central (SR Legacy),170393
Cabbage,,100 g,100,25,1.28,5.8,0.1,USDA FoodData Central (SR Legacy),169975
Cauliflower,,100 g,100,25,1.92,4.97,0.28,USDA FoodData Central (SR Legacy),169986
Cucumber,cucumbers,100 g,100,10,0.59,2.16,0.16,USDA FoodData Central (SR Legacy),169225
Tomato,tomatoes,100 g,100,18,0.95,4.01,0.11,USDA FoodData Central (SR Legacy),170050
Onion,onions,100 g,100,40,1.1,9.34,0.1,USDA FoodData Central (SR Legacy),170000
Garlic,,100 g,100,149,6.36,33.1,0.5,USDA FoodData Central (SR Legacy),169230
Mashed potato,mashed potatoes,100 g,100,113,1.86,16.8,4.22,USDA FoodData Central (SR Legacy),168555
Celery,,100 g,100,14,0.69,2.97,0.17,USDA FoodData Central (SR Legacy),169988
Mushroom,mushrooms;enoki mushroom,100 g,100,37,2.66,7.81,0.29,USDA FoodData Central (SR Legacy),169382
Sweet corn,corn,100 g,100,86,3.22,19,1.18,USDA FoodData Central (SR Legacy),168538
Green peas,peas,100 g,100,81,5.42,14.4,0.4,USDA FoodData Central (SR Legacy),170419
Barley,,100 g,100,352,9.91,77.7,1.16,USDA FoodData Central (SR Legacy),170284
Quinoa,,100 g,100,120,4.4,21.3,1.92,USDA FoodData Central (SR Legacy),168917
Bulgur wheat,bulgur,100 g,100,83,3.08,18.6,0.24,USDA FoodData Central (SR Legacy),170287
White bread,white toast;toast,100 g,100,290,9,54.5,4,USDA FoodData Central (SR Legacy),174925
Whole wheat bread,wholewheat bread;wheat bread,100 g,100,278,8.4,51.4,5.4,USDA FoodData Central (SR Legacy),172690
Rye bread,,100 g,100,259,8.5,48.3,3.3,USDA FoodData Central (SR Legacy),172684
Bagel,bagels,100 g,100,250,10.2,48.9,1.53,USDA FoodData Central (SR Legacy),167533
"Pasta (dry, uncooked)",dry pasta,100 g,100,371,13,74.7,1.51,USDA FoodData Central (SR Legacy),169736
"Macaroni, cooked",macaroni,100 g,100,128,4.53,26.6,0.11,USDA FoodData Central (SR Legacy),168904
Whole wheat tortilla,tortilla;wheat tortilla,100 g,100,310,9.76,45.9,9.76,USDA FoodData Central (SR Legacy),174081
"White rice, cooked",rice;white rice;cooked rice,100 g,100,130,2.69,28.2,0.28,USDA FoodData Central (SR Legacy),168878
"Oats, cooked",oatmeal;cooked oats;porridge,100 g,100,71,2.54,12,1.52,USDA FoodData Central (SR Legacy),173905
"Ground turkey, cooked",turkey mince;ground turkey,100 g,100,203,27.4,0,10.4,USDA FoodData Central (SR Legacy),171506
"Ground beef, cooked",beef mince;ground beef;minced beef,100 g,100,240,25.1,0.62,14.5,USDA FoodData Central (SR Legacy),172161
"Ground pork, cooked",ground pork;pork mince,100 g,100,297,25.7,0,20.8,USDA FoodData Central (SR Legacy),167903
Ham,smoked ham,100 g,100,122,17.9,7.27,2.37,USDA FoodData Central (SR Legacy),174611
"Cod, cooked",cod fish;cooked cod,100 g,100,84,20.4,0,0.25,USDA FoodData Central (SR Legacy),175178
Tilapia,tilapia fish,100 g,100,96,20.1,0,1.7,USDA FoodData Central (SR Legacy),175176
"Salmon, cooked",cooked salmon;grilled salmon,100 g,100,206,22.1,0,12.4,USDA FoodData Central (SR Legacy),175168
"Tuna, canned in water",canned tuna;tuna,100 g,100,116,25.5,0,0.82,USDA FoodData Central (SR Legacy),171986
"Egg, whole, raw",eggs;raw egg,100 g,100,143,12.6,0.72,9.51,USDA FoodData Central (SR Legacy),171287
"Egg, hard-boiled",boiled egg;hard boiled egg,100 g,100,155,12.6,1.12,10.6,USDA FoodData Central (SR Legacy),173424
"Egg, fried",fried egg,100 g,100,196,13.6,0.83,14.8,USDA FoodData Central (SR Legacy),173423
"Egg, scrambled",scrambled egg;scrambled eggs,100 g,100,149,9.99,1.61,11,USDA FoodData Central (SR Legacy),172187
Whole milk,milk,100 g,100,61,3.15,4.8,3.25,USDA FoodData Central (SR Legacy),171265
Low-fat milk (1%),skim milk;lowfat milk,100 g,100,42,3.37,4.99,0.97,USDA FoodData Central (SR Legacy),170872
Plain low-fat yogurt,yogurt;plain yogurt,100 g,100,63,5.25,7.04,1.55,USDA FoodData Central (SR Legacy),170886
"Greek yogurt, plain",greek yogurt,100 g,100,73,9.95,3.94,1.92,USDA FoodData Central (SR Legacy),170903
Cheddar cheese,cheddar,100 g,100,410,24.2,2.13,33.8,USDA FoodData Central (SR Legacy),170899
Mozzarella cheese,mozzarella,100 g,100,299,22.2,2.4,22.1,USDA FoodData Central (SR Legacy),170845
Cottage cheese,,100 g,100,95,10.9,3,4.2,USDA FoodData Central (SR Legacy),169078
Cream cheese,,100 g,100,350,6.15,5.52,34.4,USDA FoodData Central (SR Legacy),173418
Feta cheese,feta,100 g,100,265,14.2,3.88,21.5,USDA FoodData Central (SR Legacy),173420
Parmesan cheese,parmesan,100 g,100,392,35.8,3.22,25,USDA FoodData Central (SR Legacy),170848
Butter,,100 g,100,717,0.85,0.06,81.1,USDA FoodData Central (SR Legacy),173410
Olive oil,,100 g,100,884,0,0,100,USDA FoodData Central (SR Legacy),171413
Coconut oil,,100 g,100,892,0,0,99.1,USDA FoodData Central (SR Legacy),171412
Vegetable oil (soybean),vegetable oil;soybean oil,100 g,100,884,0,0,100,USDA FoodData Central (SR Legacy),172370
Peanut butter,,100 g,100,589,24.1,21.6,49.9,USDA FoodData Central (SR Legacy),174265
Peanuts,peanut,100 g,100,570,26.2,15.8,49.6,USDA FoodData Central (SR Legacy),174263
Black beans,,100 g,100,341,21.6,62.4,1.42,USDA FoodData Central (SR Legacy),173734
Pinto beans,,100 g,100,114,6.99,20.2,0.9,USDA FoodData Central (SR Legacy),174286
Chickpeas,garbanzo beans,100 g,100,378,20.5,63,6.04,USDA FoodData Central (SR Legacy),173756
Lentils,lentil,100 g,100,352,24.6,63.4,1.06,USDA FoodData Central (SR Legacy),172420
"Tofu, fried",fried tofu,100 g,100,270,18.8,8.86,20.2,USDA FoodData Central (SR Legacy),172451
Granulated sugar,sugar;white sugar,100 g,100,387,0,100,0,USDA FoodData Central (SR Legacy),169655
Milk chocolate,chocolate,100 g,100,535,7.65,59.4,29.7,USDA FoodData Central (SR Legacy),167587
Dark chocolate,dark chocolate bar,100 g,100,579,6.12,52.4,38.3,USDA FoodData Central (SR Legacy),170272
Orange juice,oj,100 g,100,47,0.68,11,0.15,USDA FoodData Central (SR Legacy),169099
"Sweet potato, baked",sweet potato;baked sweet potato,100 g,100,90,2.01,20.7,0.15,USDA FoodData Central (SR Legacy),168483
"Lettuce, romaine",romaine lettuce;lettuce,100 g,100,17,1.23,3.29,0.3,USDA FoodData Central (SR Legacy),169247
"Lettuce, iceberg",iceberg lettuce,100 g,100,14,0.9,2.97,0.14,USDA FoodData Central (SR Legacy),169248
"Bell pepper, red",red bell pepper;red pepper;bell pepper,100 g,100,26,0.99,6.03,0.3,USDA FoodData Central (SR Legacy),170108
Green beans,snap beans;string beans,100 g,100,31,1.83,6.97,0.22,USDA FoodData Central (SR Legacy),169961
Walnuts,walnut,100 g,100,654,15.2,13.7,65.2,USDA FoodData Central (SR Legacy),170187
"Cashews, raw",cashew;cashews,100 g,100,553,18.2,30.2,43.8,USDA FoodData Central (SR Legacy),170162
Almonds,almond,100 g,100,579,21.2,21.6,49.9,USDA FoodData Central (SR Legacy),170567
Chia seeds,chia,100 g,100,486,16.5,42.1,30.7,USDA FoodData Central (SR Legacy),170554
Flaxseed,flax seeds;flax,100 g,100,534,18.3,28.9,42.2,USDA FoodData Central (SR Legacy),169414
Hummus,,100 g,100,237,7.78,15,17.8,USDA FoodData Central (SR Legacy),174289
Honey,,100 g,100,304,0.3,82.4,0,USDA FoodData Central (SR Legacy),169640
"Green tea, brewed",tea;green tea,100 g,100,1,0.22,0,0,USDA FoodData Central (SR Legacy),171917
